<?xml version="1.0" encoding="UTF-8"?>
<beans:beans
	xmlns="http://www.springframework.org/schema/mvc"
	xmlns:xsi="http://www.w3.org/2001/XMLSchema-instance"
	xmlns:beans="http://www.springframework.org/schema/beans"
	xmlns:context="http://www.springframework.org/schema/context"
	xmlns:security="http://www.springframework.org/schema/security"
	xsi:schemaLocation="http://www.springframework.org/schema/security http://www.springframework.org/schema/security/spring-security.xsd
		http://www.springframework.org/schema/mvc https://www.springframework.org/schema/mvc/spring-mvc.xsd
		http://www.springframework.org/schema/beans https://www.springframework.org/schema/beans/spring-beans.xsd
		http://www.springframework.org/schema/context https://www.springframework.org/schema/context/spring-context.xsd">

	<!-- DispatcherServlet Context: defines this servlet's request-processing 
		infrastructure -->

	<!-- Enables the Spring MVC @Controller programming model -->
	<annotation-driven />

	<!-- Handles HTTP GET requests for /resources/** by efficiently serving 
		up static resources in the ${webappRoot}/resources directory -->
	<resources mapping="/resources/**" location="/resources/" />
	<resources mapping="/images/**" location="/images/" />
	<!-- QnA게시판 읽기 업로드 파일 주소 연동 -->
	<resources mapping="/upload/**" location="file:///c://upload/" />

	<!-- Resolves views selected for rendering by @Controllers to .jsp resources 
		in the /WEB-INF/views directory -->
	<beans:bean
		class="org.springframework.web.servlet.view.InternalResourceViewResolver">
		<beans:property name="prefix" value="/WEB-INF/views/" />
		<beans:property name="suffix" value=".jsp" />
	</beans:bean>

	<context:component-scan
		base-package="kr.icia.controller" />
	<!--파일업로드 경로와 아이디 일치하여 주석처리 -->
	<!-- <beans:bean id="multipartResolver" class="org.springframework.web.multipart.support.StandardServletMultipartResolver" 
		/> -->

	<security:global-method-security
		pre-post-annotations="enabled" secured-annotations="enabled" />

	<!-- 업로드 패스 설정 -->
	<beans:bean class="java.lang.String" id="uploadPath">
		<beans:constructor-arg
			value="D:\sts-bundle\workspace\jipgong\.metadata\.plugins\org.eclipse.wst.server.core\tmp0\wtpwebapps\dahye00\resources" />
	</beans:bean>

	<!-- 일반 파일 업로드 경로 -->
	<resources mapping="/imgUpload/**"
		location="/resources/imgUpload/" />

	<beans:bean
		class="org.springframework.web.multipart.commons.CommonsMultipartResolver"
		id="multipartResolver">
		<beans:property name="maxUploadSize" value="10485760" />
	</beans:bean>
	
	<beans:bean id="multipartResolver1" 
	class="org.springframework.web.multipart.support.StandardServletMultipartResolver"/>

	<!-- <beans:bean id="multipartResolver" class="org.springframework.web.multipart.support.StandardServletMultipartR 
		esolver"/> -->
	<beans:bean id="AdminInterceptor"
		class="kr.icia.interceptor.AdminInterceptor" />

	<interceptors>
		<interceptor>
			<mapping path="/admin/**" />
			<beans:ref bean="AdminInterceptor" />
		</interceptor>
	</interceptors>
	
</beans:beans>