<?xml version="1.0" encoding="UTF-8"?>
<!DOCTYPE mapper
 PUBLIC "-//mybatis.org//DTD Mapper 3.0//EN"
 "http://mybatis.org/dtd/mybatis-3-mapper.dtd">
<mapper namespace="kr.icia.mapper.BoardAttachMapper">

	<insert id="insert">
 		insert into bno_attach(uuid, uploadpath,filename,filetype, bno)
		values
		(#{uuid},#{uploadPath} ,#{fileName},#{fileType},#{bno}) 
	</insert>




	<delete id="delete">

		delete from bno_attach where uuid=#{uuid}

	</delete>
	
	<delete id="deleteAll">

		delete from bno_attach where bno=#{bno}

	</delete>
	
	

	<select id="findByBno" resultType="kr.icia.domain.BoardAttachVO">
		select * from bno_attach where bno=#{bno}
	</select>



</mapper>
