<?xml version="1.0" encoding="UTF-8"?>
<!DOCTYPE mapper
 PUBLIC "-//mybatis.org//DTD Mapper 3.0//EN"
 "http://mybatis.org/dtd/mybatis-3-mapper.dtd">

<mapper namespace="kr.icia.mapper.BoardMapper">

	<sql id="criteria">
		<trim prefix="(" suffix=") AND " prefixOverrides="OR">
			<foreach item="type" collection="typeArr">
				<trim prefix="OR">
					<choose>
						<when test="type=='T'.toString()">
							title like '%'||#{keyword}||'%'
						</when>
						<when test="type=='C'.toString()">
							content like '%'||#{keyword}||'%'
						</when>
						<when test="type=='W'.toString()">
							writer like '%'||#{keyword}||'%'
						</when>
					</choose>
				</trim>
			</foreach>
		</trim>
	</sql>

	<select id="getList" resultType="kr.icia.domain.BoardVO">

		select * from bno_board order by desc;

		<!-- xml에서 <> 에 대한 잘못된 해석을 방지. -->
	</select>

	<insert id="insert">
		insert into bno_board(bno,title,content,writer)
		values (bno_board_bno.nextval,#{title},#{content},#{writer})
	</insert>

	<insert id="insertSelectKey">

		<selectKey keyProperty="bno" order="BEFORE"
			resultType="long">
			select seq_board.nextval
			from dual
		</selectKey>
		insert into bno_board(bno,title,content,writer)
		values
		(#{bno},#{title},#{content},#{writer})
	</insert>

	<select id="read" resultType="kr.icia.domain.BoardVO">
		select * from bno_board where
		bno=#{bno}
	</select>

	<delete id="delete">
		delete bno_board where bno=#{bno}
	</delete>

	<update id="update">
		update bno_board set
		title=#{title},
		content=#{content},
		writer=#{writer},
		regdate = sysdate
		where bno=#{bno}

	</update>


	<select id="getListWithPaging"
		resultType="kr.icia.domain.BoardVO">
<![CDATA[
select bno, title, content, writer, regdate,replycnt from 
(select /*INDEX_DESC(bno_board pk_board)order by asc */
rownum rn, bno, title, content, writer, regdate,replycnt
 from bno_board 
where 
]]>

		<include refid="criteria" />
	
	<![CDATA[
	rownum <= #{pageNum} * #{amount}) 
	where rn > (#{pageNum}-1) * #{amount}
	]]>

	</select>
	<select id="getTotalCount" resultType="int">
		select count(bno) from bno_board where

		<include refid="criteria" />
	
	<![CDATA[
	bno > 0
	]]>
	</select>
	
	
	<!-- 아이디 체크 마이페이지 사용 -->
	<select id="myUserIdCheck" resultType="kr.icia.domain.BoardVO">
		
		select * from
		bno_board where writer = #{user_name}
		
	</select>
	
	<update id="updateReplyCnt">
	update bno_board set replycnt=replycnt  + #{amount}  where bno=#{bno}
</update>

</mapper>