<?xml version="1.0" encoding="UTF-8"?>
<!DOCTYPE mapper
  PUBLIC "-//mybatis.org//DTD Mapper 3.0//EN"
  "http://mybatis.org/dtd/mybatis-3-mapper.dtd">
<mapper namespace="kr.icia.mapper.ReplyMapper">

	<insert id="insert">
		insert into bno_reply (rno,bno,reply,replyer)
		values
		(bno_reply_rno.nextval, #{bno},#{reply},#{replyer})
	</insert>

	<select id="read" resultType="kr.icia.domain.ReplyVO">
		select * from bno_reply where
		rno=#{rno}
	</select>
	<!-- 게시물당 조회가 아니라 댓글1개 조회. -->

	<delete id="delete">
		delete from bno_reply where rno=#{rno}
	</delete>

	<delete id="deleteAll">
		delete from bno_reply where bno =#{bno}
	</delete>

	<update id="update">
		update bno_reply set reply=#{reply},
		replydate=sysdate
		where rno = #{rno}
	</update>

	<select id="getListWithPaging"
		resultType="kr.icia.domain.ReplyVO">
		select rno,bno,reply,replyer,replydate from bno_reply where
		bno=#{bno} order by  rno asc
	</select>

	<!-- <select id="getListWithPaging" resultType="kr.icia.domain.ReplyVO"> 
		<![CDATA[ select bno, rno, reply, replyer, replydate from (select /*+INDEX(bno_reply 
		reply_rno) */ rownum rn, bno, rno, reply,replyer,replyDate from bno_reply 
		where bno=#{bno} and rno > 0 and rownum <= #{cri.pageNum} * #{cri.amount} 
		) where rn > (#{cri.pageNum}-1)* #{cri.amount} ]]> </select> -->
	<!-- 검색이 빠진 페이징 처리와 같음. -->

	<select id="getCountByBno" resultType="int"> 
	<![CDATA[ 
	select count(rno) from bno_reply where bno=#{bno} 
	]]>
	</select> <!-- 게시물별 댓글 총갯수 리턴. -->
</mapper>












