<?xml version="1.0" encoding="UTF-8"?>
<beans
   xmlns:security="http://www.springframework.org/schema/security"
   xmlns:xsi="http://www.w3.org/2001/XMLSchema-instance"
   xmlns="http://www.springframework.org/schema/beans"
   xsi:schemaLocation="http://www.springframework.org/schema/security http://www.springframework.org/schema/security/spring-security.xsd
      http://www.springframework.org/schema/beans http://www.springframework.org/schema/beans/spring-beans.xsd">

   <!-- 암호화 처리, 사용자 계정 정보 처리 -->
   <bean
      class="org.springframework.security.crypto.bcrypt.BCryptPasswordEncoder"
      id="bcryptPasswordEncoder" />

<!--    <bean class="kr.icia.security.CustomUserDetailsService"
      id="customUserDetailsService" /> -->

   <!-- 웹의 URL 접근 -->
  <!--  <security:http>

      <security:intercept-url pattern="/home"
         access="permitAll" /> -->

      <!-- URL 접근이 왔을때, 지정된 패턴의 주소라면 스프링 시큐리티가 가로채서 사용자 권한을 확인하고 허용하거나 거부함. -->
     <!--  <security:form-login login-page="/login" />
      <security:remember-me
         data-source-ref="dataSource" token-validity-seconds="604800" /> 604800초(7일동안 유지가 된다.)
      <security:logout logout-url="/logoutList"
         invalidate-session="true" delete-cookies="remember-me,JSESSIONID" /> 자동로그인
   </security:http> -->
   <!-- 시큐리티 관리, 위에서 선언한 빈 사용 -->

  <!--  <security:authentication-manager>
      <security:authentication-provider
         user-service-ref="customUserDetailsService">
         <security:password-encoder
            ref="bcryptPasswordEncoder" />
      </security:authentication-provider>
   </security:authentication-manager>
 -->
</beans>